Date,Open,High,Low,Close,Adj Close,Volume
12/8/2017,1725,1755,1700,1725,1095.699219,21657900
12/11/2017,1735,1740,1695,1710,1086.171387,18111200
12/12/2017,1720,1810,1715,1810,1149.690186,53322400
12/13/2017,1820,1845,1810,1815,1152.866211,33965000
12/14/2017,1805,1815,1785,1805,1146.514404,26567900
12/15/2017,1805,1825,1790,1805,1146.514404,37519800
12/18/2017,1800,1815,1790,1800,1143.338379,19774200
12/19/2017,1800,1850,1800,1835,1165.569946,73623000
12/20/2017,1835,1845,1795,1800,1143.338379,51378700
12/21/2017,1815,1875,1815,1870,1187.801636,61547700
12/22/2017,1860,1890,1855,1890,1200.505371,38649000
12/25/2017,1890,1890,1890,1890,1200.505371,0
12/26/2017,1890,1890,1890,1890,1200.505371,0
12/27/2017,1895,1905,1890,1895,1203.681396,19953100
12/28/2017,1895,1905,1870,1890,1200.505371,23988700
12/29/2017,1865,1880,1845,1860,1208.464233,25480000
1/1/2018,1860,1860,1860,1860,1208.464233,0
1/2/2018,1865,1900,1865,1880,1221.458496,26045000
1/3/2018,1890,1890,1810,1830,1188.9729,35595000
1/4/2018,1860,1935,1850,1915,1244.198364,81191500
1/5/2018,1935,1990,1935,1990,1292.92688,112355500
1/8/2018,2000,2180,1975,2160,1403.37793,140767300
1/9/2018,2180,2240,2140,2180,1416.37207,109077300
1/10/2018,2200,2210,2150,2210,1435.863525,68206700
1/11/2018,2200,2220,2140,2180,1416.37207,53966100
1/12/2018,2200,2260,2190,2230,1448.857788,91231600
1/15/2018,2250,2260,2210,2230,1448.857788,35912100
1/16/2018,2230,2250,2150,2190,1422.869385,66577100
1/17/2018,2210,2230,2130,2170,1409.875,49228000
1/18/2018,2200,2200,2150,2170,1409.875,64596400
1/19/2018,2180,2230,2160,2180,1416.37207,60009200
1/22/2018,2210,2350,2210,2310,1500.834595,122900400
1/23/2018,2350,2440,2350,2420,1572.302979,74669600
1/24/2018,2440,2470,2380,2440,1585.297485,64172400
1/25/2018,2480,2480,2420,2450,1591.794434,36942900
1/26/2018,2460,2470,2410,2440,1585.297485,47872100
1/29/2018,2440,2650,2440,2560,1663.262695,70182600
1/30/2018,2600,2610,2460,2550,1656.765381,67769700
1/31/2018,2500,2560,2450,2450,1591.794434,70402900
2/1/2018,2460,2480,2360,2400,1559.308838,58711400
2/2/2018,2400,2530,2320,2470,1604.788452,115254700
2/5/2018,2430,2590,2390,2520,1637.27417,95408100
2/6/2018,2430,2530,2420,2450,1591.794434,102217400
2/7/2018,2500,2520,2390,2450,1591.794434,69711300
2/8/2018,2400,2480,2390,2420,1572.302979,41480500
2/9/2018,2300,2370,2300,2320,1507.331787,35274800
2/12/2018,2340,2370,2330,2350,1526.823242,28576600
2/13/2018,2370,2450,2370,2420,1572.302979,73635600
2/14/2018,2450,2490,2410,2440,1585.297485,57512800
2/15/2018,2480,2500,2460,2470,1604.788452,45453800
2/16/2018,2470,2470,2470,2470,1604.788452,0
2/19/2018,2460,2510,2450,2490,1617.782715,29481000
2/20/2018,2510,2520,2410,2430,1578.800049,34752100
2/21/2018,2430,2500,2430,2470,1604.788452,46720600
2/22/2018,2470,2490,2430,2480,1611.285767,36729100
2/23/2018,2480,2510,2460,2480,1611.285767,49086200
2/26/2018,2450,2480,2370,2390,1552.811523,51163200
2/27/2018,2390,2430,2350,2400,1559.308838,50957600
2/28/2018,2430,2450,2350,2350,1526.823242,68753500
3/1/2018,2370,2420,2370,2420,1572.302979,48073500
3/2/2018,2380,2390,2290,2310,1500.834595,46826300
3/5/2018,2310,2340,2300,2320,1507.331787,28695800
3/6/2018,2330,2370,2300,2330,1513.828857,40320000
3/7/2018,2360,2380,2150,2160,1403.37793,135082100
3/8/2018,2160,2210,1995,2190,1422.869385,177448700
3/9/2018,2200,2220,2110,2170,1409.875,102331600
3/12/2018,2200,2240,2170,2220,1442.360596,82249500
3/13/2018,2220,2260,2130,2170,1409.875,87487400
3/14/2018,2120,2160,2060,2070,1344.904053,65089500
3/15/2018,2050,2120,2020,2050,1331.909668,54737200
3/16/2018,2070,2080,2000,2040,1325.412476,110602400
3/19/2018,2060,2080,2020,2040,1325.412476,21537600
3/20/2018,2010,2090,2000,2070,1344.904053,41326700
3/21/2018,2090,2110,2030,2040,1325.412476,74771800
3/22/2018,2060,2070,2000,2020,1312.418335,52433200
3/23/2018,1980,2010,1945,1995,1296.175537,52299100
3/26/2018,1995,2050,1990,2030,1318.915405,34336700
3/27/2018,2050,2070,2030,2040,1325.412476,49645600
3/28/2018,2040,2070,2020,2040,1325.412476,69051900
3/29/2018,2070,2160,2030,2130,1383.886475,108354800
3/30/2018,2130,2130,2130,2130,1383.886475,0
4/2/2018,2150,2180,2110,2130,1383.886475,51011600
4/3/2018,2100,2130,2080,2120,1377.389404,61715400
4/4/2018,2140,2140,2030,2040,1325.412476,64390900
4/5/2018,2070,2080,2010,2020,1312.418335,67813100
4/6/2018,2030,2060,2000,2030,1318.915405,34975600
4/9/2018,2030,2090,2020,2070,1344.904053,40067600
4/10/2018,2090,2130,2050,2110,1370.892212,55960600
4/11/2018,2110,2210,2110,2140,1390.383545,106993500
4/12/2018,2140,2170,2110,2110,1370.892212,43279200
4/13/2018,2130,2150,2110,2130,1383.886475,26671700
4/16/2018,2130,2130,2130,2130,1383.886475,0
4/17/2018,2130,2130,2130,2130,1383.886475,0
4/18/2018,2130,2130,2080,2100,1364.395142,57129400
4/19/2018,2100,2100,2100,2100,1364.395142,0
4/20/2018,2100,2100,2100,2100,1364.395142,0
4/23/2018,2250,2290,2210,2260,1468.348999,74117300
4/24/2018,2280,2280,2180,2200,1429.366211,61013500
4/25/2018,2200,2200,2200,2200,1429.366211,0
4/26/2018,2200,2200,2200,2200,1429.366211,0
4/27/2018,2200,2200,2200,2200,1429.366211,0
4/30/2018,1840,1875,1835,1835,1192.221313,48982700
5/1/2018,1835,1835,1835,1835,1192.221313,0
5/2/2018,1835,1835,1770,1775,1195.852905,161066600
5/3/2018,1755,1760,1595,1680,1131.849487,359102400
5/4/2018,1680,1705,1625,1640,1104.900757,133025800
5/7/2018,1660,1715,1605,1710,1152.060913,163301300
5/8/2018,1710,1720,1615,1625,1094.794922,141777800
5/9/2018,1625,1715,1575,1700,1145.323975,164011600
5/10/2018,1700,1700,1700,1700,1145.323975,0
5/11/2018,1720,1755,1700,1715,1155.429688,188517000
5/14/2018,1700,1715,1640,1675,1128.480835,140076400
5/15/2018,1695,1730,1650,1715,1155.429688,128428700
5/16/2018,1705,1800,1665,1800,1212.695801,189622500
5/17/2018,1815,1910,1815,1880,1266.593384,155203900
5/18/2018,1895,1960,1865,1905,1283.436523,141046000
5/21/2018,1900,1980,1880,1950,1313.753784,106170500
5/22/2018,1950,1965,1905,1930,1300.279297,78702100
5/23/2018,1920,1935,1825,1825,1229.53894,104492500
5/24/2018,1825,1865,1800,1835,1236.275879,120450100
5/25/2018,1860,1875,1830,1830,1232.907349,45817600
5/28/2018,1800,1860,1795,1820,1226.170288,47494600
5/29/2018,1820,1820,1820,1820,1226.170288,0
5/30/2018,1820,1880,1815,1830,1232.907349,82871200
5/31/2018,1875,1930,1870,1885,1269.962158,196912100
6/1/2018,1885,1885,1885,1885,1269.962158,0
6/4/2018,1915,1975,1915,1970,1327.228271,113281500
6/5/2018,2000,2070,1990,2030,1367.651367,119456300
6/6/2018,2050,2060,1985,1985,1337.333862,55595500
6/7/2018,2000,2030,1980,1990,1340.702637,70334500
6/8/2018,2010,2030,1935,1935,1303.648071,76718600
6/11/2018,1935,1935,1935,1935,1303.648071,0
6/12/2018,1935,1935,1935,1935,1303.648071,0
6/13/2018,1935,1935,1935,1935,1303.648071,0
6/14/2018,1935,1935,1935,1935,1303.648071,0
6/15/2018,1935,1935,1935,1935,1303.648071,0
6/18/2018,1935,1935,1935,1935,1303.648071,0
6/19/2018,1935,1935,1935,1935,1303.648071,0
6/20/2018,1870,2000,1830,2000,1347.439819,140664700
6/21/2018,1990,2020,1965,2010,1354.177002,75380200
6/22/2018,1990,1990,1905,1930,1300.279297,69063400
6/25/2018,1930,1960,1865,1870,1259.856323,47119400
6/26/2018,1870,1895,1755,1755,1182.378296,83866100
6/27/2018,1770,1805,1705,1705,1148.692505,101110700
6/28/2018,1690,1750,1650,1665,1121.743652,94009700
6/29/2018,1675,1790,1665,1790,1205.95874,124197700
7/2/2018,1810,1820,1735,1745,1175.641235,53210900
7/3/2018,1760,1770,1690,1720,1158.798218,45932000
7/4/2018,1710,1780,1690,1770,1192.484253,35855500
7/5/2018,1770,1835,1745,1825,1229.53894,47143600
7/6/2018,1830,1845,1775,1785,1202.589966,41555200
7/9/2018,1810,1835,1795,1835,1236.275879,33991400
7/10/2018,1855,1880,1830,1865,1256.487549,45734900
7/11/2018,1835,1920,1820,1900,1280.067871,57214300
7/12/2018,1900,1930,1865,1870,1259.856323,64182900
7/13/2018,1885,1895,1825,1860,1253.119019,40511600
7/16/2018,1830,1860,1780,1800,1212.695801,58828800
7/17/2018,1800,1810,1755,1760,1185.74707,58751600
7/18/2018,1790,1865,1780,1865,1256.487549,87066600
7/19/2018,1890,1915,1860,1870,1259.856323,64638600
7/20/2018,1850,1875,1825,1825,1229.53894,31792100
7/23/2018,1805,1840,1800,1800,1212.695801,26271300
7/24/2018,1815,1840,1795,1800,1212.695801,46045000
7/25/2018,1820,1885,1810,1880,1266.593384,61510700
7/26/2018,1895,1910,1845,1850,1246.381958,74202800
7/27/2018,1850,1975,1840,1965,1323.859619,107580500
7/30/2018,2030,2130,2030,2090,1408.074585,198864700
7/31/2018,2070,2070,1880,1905,1283.436523,164547300
8/1/2018,1915,1990,1900,1980,1333.965332,74080800
8/2/2018,1990,1995,1925,1935,1303.648071,52010800
8/3/2018,1935,1960,1930,1940,1307.016479,63189100
8/6/2018,1950,1970,1950,1960,1320.491089,35260200
8/7/2018,1980,2030,1965,1980,1333.965332,61466100
8/8/2018,2000,2030,1980,1990,1340.702637,45706300
8/9/2018,1990,1995,1925,1935,1303.648071,65590800
8/10/2018,1940,1965,1900,1910,1286.80481,76226500
8/13/2018,1900,1900,1810,1830,1232.907349,69285200
8/14/2018,1825,1890,1800,1800,1212.695801,61428900
8/15/2018,1820,1860,1780,1855,1249.750366,34569700
8/16/2018,1830,1840,1780,1780,1199.221313,65985400
8/17/2018,1780,1780,1780,1780,1199.221313,0
8/20/2018,1800,1850,1800,1835,1236.275879,51605600
8/21/2018,1845,1880,1845,1880,1266.593384,54946000
8/22/2018,1880,1880,1880,1880,1266.593384,0
8/23/2018,1900,1950,1865,1940,1307.016479,80572800
8/24/2018,1940,1940,1890,1910,1286.80481,59739000
8/27/2018,1930,1935,1860,1895,1276.699341,53576800
8/28/2018,1910,1925,1885,1910,1286.80481,37976500
8/29/2018,1910,1915,1885,1910,1286.80481,38354900
8/30/2018,1920,1930,1895,1895,1276.699341,34368700
8/31/2018,1880,1880,1840,1865,1256.487549,37523200
9/3/2018,1890,1890,1840,1855,1249.750366,22816700
9/4/2018,1845,1860,1800,1805,1216.064453,33123800
9/5/2018,1800,1805,1700,1700,1145.323975,64767600
9/6/2018,1680,1735,1675,1725,1162.166748,77666400
9/7/2018,1725,1745,1720,1730,1165.5354,31972700
9/10/2018,1730,1780,1705,1735,1168.904053,46147800
9/11/2018,1735,1735,1735,1735,1168.904053,0
9/12/2018,1745,1780,1745,1760,1185.74707,45898700
9/13/2018,1770,1775,1725,1735,1168.904053,43392300
9/14/2018,1735,1760,1720,1740,1172.272705,36920200
9/17/2018,1735,1740,1690,1715,1155.429688,31949100
9/18/2018,1705,1765,1700,1750,1179.009888,45486500
9/19/2018,1780,1790,1725,1740,1172.272705,44840900
9/20/2018,1755,1825,1730,1805,1216.064453,88560700
9/21/2018,1820,1900,1795,1880,1266.593384,126601900
9/24/2018,1870,1875,1815,1820,1226.170288,40507000
9/25/2018,1825,1830,1805,1815,1222.801514,25072800
9/26/2018,1825,1865,1805,1815,1222.801514,37701700
9/27/2018,1815,1845,1810,1825,1229.53894,33680200
9/28/2018,1835,1850,1820,1835,1236.275879,33909100
10/1/2018,1830,1865,1820,1840,1239.644653,36878300
10/2/2018,1840,1900,1830,1845,1243.013306,66829700
10/3/2018,1845,1870,1835,1865,1256.487549,32749000
10/4/2018,1850,1860,1810,1825,1229.53894,31597100
10/5/2018,1800,1835,1790,1810,1219.433105,33817300
10/8/2018,1810,1820,1750,1750,1179.009888,47188000
10/9/2018,1760,1770,1730,1730,1165.5354,30068100
10/10/2018,1740,1780,1730,1780,1199.221313,33963200
10/11/2018,1720,1750,1700,1720,1158.798218,49872300
10/12/2018,1710,1735,1705,1710,1152.060913,31664500
10/15/2018,1715,1725,1675,1675,1128.480835,23931100
10/16/2018,1685,1750,1685,1750,1179.009888,41620900
10/17/2018,1780,1780,1745,1760,1185.74707,29240800
10/18/2018,1740,1750,1710,1730,1165.5354,23312400
10/19/2018,1710,1735,1690,1700,1145.323975,79630000
10/22/2018,1715,1745,1695,1730,1165.5354,35681900
10/23/2018,1720,1725,1695,1700,1145.323975,30541300
10/24/2018,1700,1705,1655,1670,1125.112305,52183600
10/25/2018,1630,1670,1610,1650,1111.638062,28984900
10/26/2018,1665,1730,1665,1725,1162.166748,83485700
10/29/2018,1730,1730,1660,1665,1121.743652,22765000
10/30/2018,1665,1675,1640,1650,1111.638062,28725000
10/31/2018,1665,1680,1615,1650,1111.638062,60829500
11/1/2018,1650,1650,1630,1645,1108.269165,29505400
11/2/2018,1645,1645,1585,1585,1067.845947,52561000
11/5/2018,1585,1610,1565,1575,1061.109009,34342300
11/6/2018,1590,1635,1585,1630,1098.163574,58240300
11/7/2018,1640,1645,1585,1595,1074.583252,42912600
11/8/2018,1620,1625,1595,1610,1084.688965,79412800
11/9/2018,1600,1605,1580,1580,1064.477295,32266000
11/12/2018,1575,1590,1510,1510,1017.317139,50361300
11/13/2018,1500,1540,1490,1515,1020.68573,41302900
11/14/2018,1535,1585,1530,1565,1054.371704,67359700
11/15/2018,1540,1575,1530,1555,1047.634521,45933400
11/16/2018,1555,1585,1535,1545,1040.897217,49576400
11/19/2018,1545,1550,1485,1485,1000.474121,97095900
11/20/2018,1485,1485,1485,1485,1000.474121,0
11/21/2018,1470,1470,1300,1310,882.573059,175875600
11/22/2018,1330,1340,1250,1285,865.730103,185941900
11/23/2018,1290,1315,1280,1295,872.467346,96463200
11/26/2018,1285,1290,1240,1275,858.99292,90744200
11/27/2018,1280,1285,1220,1220,821.938171,85605700
11/28/2018,1220,1290,1220,1255,845.518494,103874300
11/29/2018,1285,1305,1270,1280,862.36145,87861300
11/30/2018,1290,1330,1265,1285,865.730103,173801300
12/3/2018,1330,1330,1300,1305,879.204468,78958400
12/4/2018,1305,1320,1250,1300,875.835876,91375000
12/5/2018,1280,1345,1270,1285,865.730103,124311600
12/6/2018,1275,1320,1275,1295,872.467346,83074000
12/7/2018,1300,1310,1295,1300,875.835876,66223200
12/10/2018,1300,1330,1290,1310,882.573059,58534900
12/11/2018,1315,1320,1285,1285,865.730103,71048400
12/12/2018,1290,1295,1250,1255,845.518494,98768600
12/13/2018,1260,1290,1255,1280,862.36145,96572600
12/14/2018,1280,1310,1270,1285,865.730103,109536800
12/17/2018,1290,1295,1260,1280,862.36145,44301600
12/18/2018,1270,1270,1235,1240,835.41272,71205700
12/19/2018,1235,1260,1230,1245,838.781311,60076000
12/20/2018,1245,1275,1245,1255,845.518494,76760400
12/21/2018,1255,1260,1235,1250,842.149841,65802400
12/24/2018,1250,1250,1250,1250,842.149841,0
12/25/2018,1250,1250,1250,1250,842.149841,0
12/26/2018,1240,1240,1215,1220,821.938171,42011200
12/27/2018,1250,1260,1235,1240,835.41272,63853800
12/28/2018,1230,1230,1215,1215,841.640198,61358700
12/31/2018,1215,1215,1215,1215,841.640198,0
1/1/2019,1215,1215,1215,1215,841.640198,0
1/2/2019,1215,1225,1215,1225,848.5672,17086200
1/3/2019,1225,1235,1215,1230,852.030701,26738400
1/4/2019,1220,1390,1220,1390,962.864014,258453600
1/7/2019,1410,1430,1365,1390,962.864014,188434700
1/8/2019,1395,1415,1360,1410,976.718018,87842100
1/9/2019,1425,1435,1380,1395,966.327637,112359400
1/10/2019,1395,1415,1370,1405,973.254761,59780600
1/11/2019,1405,1420,1395,1405,973.254761,38608700
1/14/2019,1405,1415,1385,1410,976.718018,49808900
1/15/2019,1420,1470,1405,1460,1011.353455,114172600
1/16/2019,1475,1495,1455,1460,1011.353455,84230700
1/17/2019,1480,1510,1455,1460,1011.353455,142090600
1/18/2019,1480,1495,1475,1485,1028.671387,86803600
1/21/2019,1495,1505,1445,1470,1018.280518,42644600
1/22/2019,1460,1460,1375,1410,976.718018,66118800
1/23/2019,1410,1420,1370,1380,955.93689,99859900
1/24/2019,1385,1405,1380,1380,955.93689,55564000
1/25/2019,1380,1410,1380,1395,966.327637,59077400
1/28/2019,1400,1430,1380,1390,962.864014,97669800
1/29/2019,1390,1390,1335,1340,928.228516,76464700
1/30/2019,1340,1375,1340,1350,935.155579,56906800
1/31/2019,1365,1415,1360,1390,962.864014,109294400
2/1/2019,1395,1400,1365,1375,952.473511,45433300
2/4/2019,1370,1380,1355,1360,942.082703,41270100
2/5/2019,1360,1360,1360,1360,942.082703,0
2/6/2019,1370,1380,1355,1365,945.546326,36227000
2/7/2019,1375,1380,1335,1345,931.692139,45892300
2/8/2019,1330,1330,1305,1305,903.983887,65555100
2/11/2019,1300,1305,1255,1260,872.812012,62534100
2/12/2019,1275,1290,1240,1275,883.202576,85248600
2/13/2019,1295,1300,1260,1260,872.812012,89133300
2/14/2019,1265,1280,1240,1240,858.957825,51789900
2/15/2019,1240,1245,1215,1220,845.103577,54815800
2/18/2019,1240,1265,1240,1245,862.421387,45571400
2/19/2019,1270,1310,1270,1295,897.056885,81308800
2/20/2019,1305,1350,1285,1345,931.692139,103338100
2/21/2019,1345,1420,1330,1415,980.181702,155986100
2/22/2019,1420,1460,1410,1410,976.718018,144782800
2/25/2019,1430,1430,1380,1405,973.254761,68473000
2/26/2019,1405,1410,1350,1350,935.155579,43479900
2/27/2019,1360,1395,1360,1375,952.473511,43819400
2/28/2019,1380,1390,1305,1310,907.447327,62148900
3/1/2019,1320,1345,1310,1310,907.447327,77736800
3/4/2019,1330,1420,1325,1410,976.718018,144915900
3/5/2019,1400,1455,1385,1400,969.791077,99046800
3/6/2019,1410,1415,1360,1360,942.082703,43142100
3/7/2019,1360,1360,1360,1360,942.082703,0
3/8/2019,1370,1395,1365,1390,962.864014,50118800
3/11/2019,1385,1470,1365,1450,1004.426453,111529800
3/12/2019,1460,1460,1380,1390,962.864014,56659400
3/13/2019,1405,1450,1390,1440,997.499329,99221100
3/14/2019,1450,1480,1430,1460,1011.353455,61455900
3/15/2019,1460,1460,1430,1435,994.035828,30627900
3/18/2019,1420,1435,1405,1430,990.572266,20874200
3/19/2019,1445,1450,1410,1435,994.035828,18861200
3/20/2019,1440,1440,1420,1430,990.572266,17269700
3/21/2019,1450,1450,1415,1420,983.645081,28910600
3/22/2019,1435,1435,1400,1415,980.181702,12361200
3/25/2019,1400,1405,1335,1345,931.692139,68403800
3/26/2019,1370,1385,1350,1360,942.082703,32397600
3/27/2019,1380,1380,1335,1350,935.155579,27627500
3/28/2019,1350,1355,1330,1340,928.228516,23189200
3/29/2019,1360,1365,1340,1340,928.228516,39336400
4/1/2019,1325,1360,1320,1350,935.155579,27290600
4/2/2019,1325,1345,1310,1325,917.837952,36085600
4/3/2019,1325,1325,1325,1325,917.837952,0
4/4/2019,1315,1320,1265,1275,883.202576,78420500
4/5/2019,1295,1295,1255,1260,872.812012,40829900
4/8/2019,1275,1285,1250,1260,872.812012,48482300
4/9/2019,1280,1320,1275,1295,897.056885,74323800
4/10/2019,1305,1305,1275,1300,900.520325,30538500
4/11/2019,1320,1325,1295,1295,897.056885,19145000
4/12/2019,1305,1315,1295,1300,900.520325,15146200
4/15/2019,1310,1315,1280,1285,890.129761,26778800
4/16/2019,1285,1315,1280,1305,903.983887,59364200
4/17/2019,1305,1305,1305,1305,903.983887,0
4/18/2019,1330,1330,1290,1295,897.056885,46156300
4/19/2019,1295,1295,1295,1295,897.056885,0
4/22/2019,1295,1295,1260,1270,879.739075,33244100
4/23/2019,1275,1310,1275,1305,903.983887,43700800
4/24/2019,1310,1315,1300,1305,903.983887,32154700
4/25/2019,1305,1305,1285,1290,893.593201,25000900
4/26/2019,1290,1295,1280,1290,893.593201,15772900
4/29/2019,1290,1315,1280,1315,910.911072,37698700
4/30/2019,1315,1340,1300,1305,903.983887,52568500
5/1/2019,1305,1305,1305,1305,903.983887,0
5/2/2019,1330,1360,1315,1345,931.692139,95810800
5/3/2019,1345,1350,1310,1335,924.765076,57040400
5/6/2019,1300,1325,1290,1315,910.911072,36012900
5/7/2019,1320,1330,1310,1310,907.447327,30469700
5/8/2019,1310,1310,1295,1295,897.056885,38977100
5/9/2019,1290,1305,1275,1280,886.666138,45523500
5/10/2019,1250,1275,1250,1265,916.48645,45642400
5/13/2019,1285,1285,1250,1250,905.618896,38541600
5/14/2019,1250,1250,1220,1235,894.751526,46837700
5/15/2019,1245,1260,1215,1235,894.751526,65521800
5/16/2019,1230,1235,1160,1160,840.414368,41379600
5/17/2019,1180,1200,1160,1175,851.281677,39289200
5/20/2019,1185,1215,1170,1175,851.281677,26879400
5/21/2019,1190,1255,1185,1235,894.751526,55039500
5/22/2019,1235,1250,1210,1235,894.751526,18810700
5/23/2019,1250,1290,1240,1280,927.353699,48887300
5/24/2019,1280,1290,1260,1260,912.863892,31953100
5/27/2019,1265,1280,1265,1265,916.48645,21527300
5/28/2019,1265,1285,1260,1270,920.108826,68587800
5/29/2019,1270,1305,1265,1270,920.108826,44624700
5/30/2019,1270,1270,1270,1270,920.108826,0
5/31/2019,1295,1295,1260,1295,938.221313,46433700
6/3/2019,1295,1295,1295,1295,938.221313,0
6/4/2019,1295,1295,1295,1295,938.221313,0
6/5/2019,1295,1295,1295,1295,938.221313,0
6/6/2019,1295,1295,1295,1295,938.221313,0
6/7/2019,1295,1295,1295,1295,938.221313,0
6/10/2019,1305,1315,1275,1285,930.976196,57316800
6/11/2019,1295,1295,1265,1280,927.353699,24974300
6/12/2019,1265,1295,1265,1285,930.976196,37842600
6/13/2019,1275,1280,1265,1275,923.731323,24047900
6/14/2019,1290,1295,1230,1235,894.751526,38776200
6/17/2019,1245,1245,1215,1230,891.129028,17974500
6/18/2019,1225,1250,1220,1245,901.996399,18426900
6/19/2019,1255,1280,1250,1275,972.7290035,26810000
6/20/2019,1280,1290,1265,1265,916.48645,32480900
6/21/2019,1275,1280,1225,1225,887.506714,69385800
6/24/2019,1240,1250,1225,1245,901.996399,14749600
6/25/2019,1245,1335,1230,1330,963.578491,105687100
6/26/2019,1350,1375,1330,1360,985.313354,166716100
6/27/2019,1370,1400,1340,1385,1003.425781,72833900
6/28/2019,1385,1390,1345,1360,985.313354,27379100
7/1/2019,1380,1455,1350,1440,1043.272949,82112100
7/2/2019,1440,1445,1380,1420,1028.783081,61499600
7/3/2019,1410,1415,1360,1360,985.313354,50270400
7/4/2019,1400,1435,1380,1420,1028.783081,78860000
7/5/2019,1435,1470,1415,1415,1025.160645,70628300
7/8/2019,1415,1415,1375,1380,999.803284,25373500
7/9/2019,1360,1385,1320,1335,967.201111,48345600
7/10/2019,1335,1360,1330,1345,974.445984,39124800
7/11/2019,1360,1365,1330,1335,967.201111,22330200
7/12/2019,1335,1340,1275,1280,927.353699,46977100
7/15/2019,1295,1295,1265,1275,923.731323,37038000
7/16/2019,1280,1305,1270,1285,930.976196,21626300
7/17/2019,1290,1295,1265,1280,927.353699,21113200
7/18/2019,1275,1335,1270,1300,941.843689,47703200
7/19/2019,1310,1315,1285,1295,938.221313,14735600
7/22/2019,1300,1305,1280,1285,930.976196,9661200
7/23/2019,1285,1295,1265,1275,923.731323,31996500
7/24/2019,1285,1285,1250,1255,909.241333,27037300
7/25/2019,1255,1270,1250,1250,905.618896,18497000
7/26/2019,1260,1260,1230,1230,891.129028,23179100
7/29/2019,1220,1255,1220,1255,909.241333,16327200
7/30/2019,1255,1295,1245,1295,938.221313,20044900
7/31/2019,1280,1285,1260,1270,920.108826,44371900
8/1/2019,1270,1275,1215,1225,887.506714,49309700
8/2/2019,1220,1220,1165,1175,851.281677,65053800
8/5/2019,1175,1180,1110,1120,811.43457,57490400
8/6/2019,1100,1100,1040,1085,786.077271,88402300
8/7/2019,1090,1130,1090,1105,800.567078,60120400
8/8/2019,1120,1130,1100,1100,796.944641,42572300
8/9/2019,1105,1120,1095,1095,793.322205,28530100
8/12/2019,1100,1110,1060,1070,775.209839,25450200
8/13/2019,1070,1070,1030,1035,749.852478,55110300
8/14/2019,1060,1070,1035,1050,760.71991,34143400
8/15/2019,1025,1035,1010,1025,742.607483,54488500
8/16/2019,1030,1095,1010,1030,746.22998,149120800
8/19/2019,1040,1055,1035,1045,757.097351,28476700
8/20/2019,1060,1060,1030,1050,760.71991,39251200
8/21/2019,1050,1055,1025,1030,746.22998,33412600
8/22/2019,1035,1040,1020,1020,738.984985,32651600
8/23/2019,1055,1145,1045,1085,786.077271,196150500
8/26/2019,1060,1120,1050,1120,811.43457,82143700
8/27/2019,1130,1155,1090,1130,818.679504,139043800
8/28/2019,1130,1140,1100,1105,800.567078,48177500
8/29/2019,1115,1120,1100,1100,796.944641,32001100
8/30/2019,1120,1145,1110,1125,815.057007,66591200
9/2/2019,1125,1160,1105,1155,836.79187,81216100
9/3/2019,1165,1215,1165,1190,862.149231,106598700
9/4/2019,1220,1250,1205,1235,894.751526,88492300
9/5/2019,1235,1265,1220,1260,912.863892,60091300
9/6/2019,1275,1345,1275,1335,967.201111,139576900
9/9/2019,1350,1450,1350,1415,1025.160645,254375800
9/10/2019,1430,1440,1355,1410,1021.538147,104962000
9/11/2019,1430,1475,1425,1470,1065.00769,153633300
9/12/2019,1475,1485,1430,1435,1039.650635,69136000
9/13/2019,1435,1445,1355,1375,996.180786,82692300
9/16/2019,1425,1460,1400,1430,1036.028076,112703000
9/17/2019,1440,1460,1420,1435,1039.650635,51608900
9/18/2019,1420,1420,1380,1405,1017.915771,37323600
9/19/2019,1400,1410,1370,1370,992.558289,35991200
9/20/2019,1370,1400,1355,1400,1014.293091,60093800
9/23/2019,1400,1405,1365,1370,992.558289,22636300
9/24/2019,1370,1370,1275,1295,938.221313,97064300
9/25/2019,1270,1315,1260,1310,949.088562,30439800
9/26/2019,1300,1320,1285,1285,930.976196,16697200
9/27/2019,1290,1345,1290,1315,952.71106,36058200
9/30/2019,1315,1335,1280,1290,934.598755,20913600
10/1/2019,1305,1330,1300,1320,956.333557,23275800
10/2/2019,1300,1310,1270,1270,920.108826,23143200
10/3/2019,1250,1285,1225,1270,920.108826,26019600
10/4/2019,1260,1285,1255,1265,916.48645,17273800
10/7/2019,1280,1290,1250,1250,905.618896,27269900
10/8/2019,1275,1285,1240,1280,927.353699,33348200
10/9/2019,1275,1300,1265,1270,920.108826,29098800
10/10/2019,1260,1275,1255,1260,912.863892,81111300
10/11/2019,1275,1310,1270,1295,938.221313,30052100
10/14/2019,1305,1325,1270,1295,938.221313,22205700
10/15/2019,1305,1330,1280,1330,963.578491,38825600
10/16/2019,1340,1365,1300,1315,952.71106,46976400
10/17/2019,1315,1325,1300,1320,956.333557,13291200
10/18/2019,1320,1350,1310,1310,949.088562,27499200
10/21/2019,1325,1370,1320,1365,988.935852,58562400
10/22/2019,1365,1375,1345,1365,988.935852,29111700
10/23/2019,1365,1375,1325,1355,981.690857,45606400
10/24/2019,1355,1385,1345,1370,992.558289,59764100
10/25/2019,1375,1375,1335,1350,978.068359,38912400
10/28/2019,1350,1375,1345,1370,992.558289,27468800
10/29/2019,1370,1375,1325,1335,967.201111,33546400
10/30/2019,1320,1335,1300,1305,945.466187,34870600
10/31/2019,1305,1320,1295,1310,949.088562,29065600
11/1/2019,1300,1310,1250,1270,920.108826,38229500
11/4/2019,1280,1300,1270,1280,927.353699,28986500
11/5/2019,1290,1370,1290,1370,992.558289,63048100
11/6/2019,1375,1410,1340,1390,1007.048096,88847800
11/7/2019,1390,1390,1325,1385,1003.425781,58536200
11/8/2019,1400,1435,1395,1415,1025.160645,84463700
11/11/2019,1425,1435,1385,1415,1025.160645,37511800
11/12/2019,1420,1440,1400,1425,1032.405396,47287000
11/13/2019,1425,1435,1330,1335,967.201111,44738000
11/14/2019,1345,1360,1275,1300,941.843689,95825800
11/15/2019,1315,1350,1300,1340,970.823425,41127700
11/18/2019,1350,1360,1315,1330,963.578491,21106400
11/19/2019,1340,1350,1290,1320,956.333557,41076600
11/20/2019,1315,1335,1300,1335,967.201111,26231800
11/21/2019,1325,1335,1305,1310,949.088562,20904500
11/22/2019,1335,1345,1310,1320,956.333557,21624800
11/25/2019,1330,1335,1305,1310,949.088562,16328900
11/26/2019,1325,1335,1300,1315,952.71106,52566500
11/27/2019,1320,1345,1280,1295,938.221313,39437500
11/28/2019,1295,1300,1245,1245,901.996399,31176400
11/29/2019,1240,1260,1210,1230,891.129028,30039500
12/2/2019,1225,1315,1225,1315,952.71106,37141500
12/3/2019,1295,1330,1290,1315,952.71106,39171900
12/4/2019,1300,1400,1290,1360,985.313354,117122000
12/5/2019,1365,1460,1365,1460,1057.762817,156417000
12/6/2019,1460,1465,1405,1425,1032.405396,62918700
12/9/2019,1440,1460,1415,1420,1028.783081,33597300
12/10/2019,1405,1490,1405,1485,1075.875366,108751900
12/11/2019,1485,1520,1465,1490,1079.497681,73070500
12/12/2019,1500,1505,1465,1475,1068.630249,68887300
12/13/2019,1500,1600,1465,1590,1151.947388,129108300
12/16/2019,1595,1715,1590,1640,1188.171997,143379600
12/17/2019,1660,1665,1525,1655,1199.039307,152206000
12/18/2019,1655,1655,1595,1610,1166.437134,68583400
12/19/2019,1610,1625,1545,1595,1155.569702,75920100
12/20/2019,1605,1605,1505,1540,1115.722534,88766700
12/23/2019,1540,1590,1540,1580,1144.702271,51031300
12/26/2019,1590,1620,1570,1585,1148.324585,41404600
12/27/2019,1590,1610,1575,1580,1144.702271,31331800
12/30/2019,1565,1590,1555,1555,1126.589844,49275500
1/2/2020,1555,1555,1490,1495,1083.120117,76612000
1/3/2020,1460,1470,1425,1465,1110.002808,117795600
1/6/2020,1455,1515,1450,1465,1110.002808,61423200
1/7/2020,1480,1540,1460,1540,1166.828857,74336500
1/8/2020,1530,1535,1505,1505,1140.309937,55121100
1/9/2020,1520,1525,1475,1495,1132.733154,41270800
1/10/2020,1520,1565,1515,1550,1174.40564,97200800
1/13/2020,1585,1595,1555,1565,1185.770874,79898600
1/14/2020,1580,1585,1535,1560,1181.982544,68815800
1/15/2020,1555,1555,1475,1475,1117.579468,79941500
1/16/2020,1480,1505,1455,1470,1113.791016,47679400
1/17/2020,1470,1485,1460,1480,1121.36792,20952100
1/20/2020,1485,1490,1430,1435,1087.272339,23993600
1/21/2020,1425,1455,1400,1415,1072.118774,38058600
1/22/2020,1415,1420,1360,1365,1034.234619,63630500
1/23/2020,1350,1390,1320,1380,1045.599854,66076300
1/24/2020,1390,1395,1370,1380,1045.599854,14852500
1/27/2020,1370,1370,1290,1295,981.197083,42333400
1/28/2020,1280,1345,1260,1325,1003.927307,77945500
1/29/2020,1330,1345,1300,1305,988.773804,27119800
1/30/2020,1305,1325,1280,1295,981.197083,24536100
1/31/2020,1305,1305,1225,1225,928.159485,79503700
2/3/2020,1200,1245,1180,1225,928.159485,66293300
2/4/2020,1260,1285,1235,1270,962.254944,65979400
2/5/2020,1295,1345,1295,1315,996.350586,60602000
2/6/2020,1350,1350,1280,1305,988.773804,37379900
2/7/2020,1285,1315,1285,1305,988.773804,15026100
2/10/2020,1290,1295,1265,1280,969.831726,19636900
2/11/2020,1295,1315,1275,1315,996.350586,32034700
2/12/2020,1325,1335,1315,1330,1007.715759,40092100
2/13/2020,1335,1355,1295,1350,1022.869385,62528100
2/14/2020,1350,1360,1310,1320,1000.138977,29880000
2/17/2020,1325,1330,1305,1320,1000.138977,12413400
2/18/2020,1320,1350,1315,1330,1007.715759,28647600
2/19/2020,1335,1345,1290,1305,988.773804,49522500
2/20/2020,1315,1360,1310,1350,1022.869385,45664600
2/21/2020,1350,1355,1310,1310,992.562134,33041400
2/24/2020,1285,1310,1270,1285,973.620117,37626300
2/25/2020,1270,1300,1260,1285,973.620117,31970000
2/26/2020,1275,1295,1250,1250,947.101257,38644500
2/27/2020,1250,1275,1155,1165,882.698425,62491000
2/28/2020,1130,1160,1085,1155,875.121582,63533800
3/2/2020,1175,1195,1100,1115,844.814453,41125400
3/3/2020,1140,1180,1125,1140,863.756348,90994700
3/4/2020,1125,1215,1110,1205,913.005615,85031200
3/5/2020,1220,1225,1155,1175,890.275146,63958800
3/6/2020,1140,1180,1140,1160,878.910034,33637700
3/9/2020,1060,1085,1000,1010,765.257874,85414300
3/10/2020,1020,1060,1010,1030,780.411499,47800300
3/11/2020,1030,1035,930,965,731.16217,70759400
3/12/2020,900,930,820,830,628.875305,75896100
3/13/2020,790,860,775,830,628.875305,90075800
3/16/2020,830,830,830,830,628.875305,0
3/17/2020,760,760,725,725,549.318787,47571500
3/18/2020,725,760,675,690,522.799927,85489000
3/19/2020,670,670,645,645,488.704285,57290600
3/20/2020,645,800,610,745,564.472351,139182200
3/23/2020,725,835,695,775,587.20282,111577400
3/24/2020,810,900,780,850,644.02887,82445200
3/26/2020,885,1010,870,965,731.16217,120540900
3/27/2020,990,1050,920,990,750.104187,76999800
3/30/2020,970,970,925,925,700.85498,28451400
3/31/2020,925,1020,925,990,750.104187,83005000
4/1/2020,995,1030,940,1020,772.834656,56063700
4/2/2020,980,1055,970,1040,787.98822,29924200
4/3/2020,1055,1100,1040,1100,833.449158,43071600
4/6/2020,1110,1150,1080,1150,871.333313,41495700
4/7/2020,1190,1200,1075,1140,863.756348,52492500
4/8/2020,1150,1150,1065,1065,806.930298,44442400
4/9/2020,1015,1080,1000,1040,787.98822,31567000
4/13/2020,1050,1075,1020,1040,787.98822,13653600
4/14/2020,1040,1080,1040,1080,818.295532,24122100
4/15/2020,1080,1100,1010,1045,791.776672,29124400
4/16/2020,1035,1035,975,975,738.739075,33908100
4/17/2020,1000,1050,990,1035,784.19989,36048300
4/20/2020,1030,1045,980,985,746.315796,31892700
4/21/2020,970,970,920,930,704.643372,45011700
4/22/2020,930,930,870,885,670.547729,64670900
4/23/2020,900,925,895,905,685.701416,50027600
4/24/2020,910,985,870,875,662.970886,98736600
4/27/2020,900,945,885,900,681.912903,97943800
4/28/2020,910,915,875,890,674.336182,47890200
4/29/2020,895,905,880,885,670.547729,43090800
4/30/2020,895,920,890,920,697.066528,82626500
5/4/2020,920,920,870,890,674.336182,68085900
5/5/2020,905,925,895,905,685.701416,51891500
5/6/2020,920,965,900,950,719.796936,105354100
5/8/2020,955,1030,955,1025,776.623047,144477800
5/11/2020,1040,1060,1025,1030,780.411499,62095700
5/12/2020,1040,1060,1000,1005,761.469421,49628600
5/13/2020,1005,1040,970,1000,757.68103,43999100
5/14/2020,1025,1025,930,945,716.008606,89411900
5/15/2020,955,970,910,925,700.85498,38978300
5/18/2020,935,1020,930,1020,772.834656,76684300
5/19/2020,1035,1065,990,1005,761.469421,85706200
5/20/2020,1015,1020,970,980,742.527466,41027400
5/26/2020,1000,1020,975,1000,757.68103,49777400
5/27/2020,1020,1020,990,1000,757.68103,47426900
5/28/2020,1005,1075,1000,1030,780.411499,137778200
5/29/2020,1015,1100,1015,1100,833.449158,139275700
6/2/2020,1100,1185,1095,1145,867.5448,123823700
6/3/2020,1155,1180,1150,1165,882.698425,89675400
6/4/2020,1135,1150,1105,1120,882.013306,100659200
6/5/2020,1130,1130,1085,1100,866.263062,73108200
6/8/2020,1110,1175,1110,1160,913.513794,88605200
6/9/2020,1165,1240,1160,1180,929.263977,117226600
6/10/2020,1175,1180,1100,1100,866.263062,65467500
6/11/2020,1100,1110,1055,1070,842.637756,31930900
6/12/2020,1060,1070,1010,1060,834.762634,49986300
6/15/2020,1070,1085,1010,1020,803.262085,35356800
6/16/2020,1040,1085,1040,1075,846.575256,48677100
6/17/2020,1085,1095,1055,1070,842.637756,38939600
6/18/2020,1065,1075,1030,1030,811.137207,59061200
6/19/2020,1040,1060,1035,1040,819.012268,70199400
6/22/2020,1050,1055,1020,1030,811.137207,38485700
6/23/2020,1050,1050,990,1005,791.449402,80075000
6/24/2020,1015,1050,1010,1045,822.94989,80781000
6/25/2020,1035,1035,1005,1005,791.449402,58913100
6/26/2020,1025,1025,1010,1015,799.324524,40144900
6/29/2020,1015,1025,1000,1005,791.449402,53482300
6/30/2020,1020,1020,990,995,783.574341,88016000
7/1/2020,995,1045,990,1045,822.94989,98514700
7/2/2020,1055,1080,1045,1050,826.887451,170254500
7/3/2020,1060,1080,1035,1040,819.012268,55575100
7/6/2020,1050,1065,1035,1065,838.700134,42400100
7/7/2020,1080,1085,1050,1050,826.887451,94523900
7/8/2020,1050,1075,1050,1065,838.700134,60115300
7/9/2020,1065,1125,1060,1095,862.325562,138899500
7/10/2020,1095,1110,1080,1085,854.450439,70076300
7/13/2020,1085,1160,1080,1155,909.576172,134592000
7/14/2020,1145,1170,1125,1155,909.576172,127484300
7/15/2020,1170,1180,1125,1130,889.888428,60120300
7/16/2020,1135,1150,1105,1110,874.138184,62091100
7/17/2020,1115,1160,1110,1155,909.576172,93909100
7/20/2020,1155,1165,1130,1130,889.888428,46512900
7/21/2020,1130,1145,1115,1135,893.825928,52362800
7/22/2020,1140,1150,1120,1125,885.950867,38753200
7/23/2020,1130,1145,1120,1130,889.888428,64260600
7/24/2020,1130,1135,1085,1090,858.387939,57475100
7/27/2020,1090,1110,1080,1110,874.138184,26677900
7/28/2020,1115,1125,1075,1090,858.387939,85970300
7/29/2020,1085,1095,1070,1085,854.450439,32109100
7/30/2020,1090,1100,1075,1085,854.450439,41227100
8/3/2020,1090,1095,1010,1030,811.137207,59722100
8/4/2020,1040,1060,1030,1035,815.074768,46118000
8/5/2020,1045,1055,1030,1050,826.887451,32037900
8/6/2020,1060,1120,1055,1115,878.075806,78094300
8/7/2020,1115,1130,1085,1095,862.325562,42983500
8/10/2020,1095,1140,1095,1140,897.763489,83699000
8/11/2020,1145,1170,1125,1150,905.638733,77790400
8/12/2020,1150,1150,1105,1120,882.013306,46530100
8/13/2020,1120,1130,1105,1115,878.075806,40519400
8/14/2020,1115,1125,1100,1115,878.075806,39456900
8/18/2020,1115,1125,1110,1115,878.075806,40083600
8/19/2020,1115,1135,1100,1115,878.075806,74016400
8/24/2020,1115,1120,1090,1095,862.325562,51729800
8/25/2020,1100,1110,1095,1100,866.263062,46196300
8/26/2020,1110,1135,1095,1110,874.138184,74077900
8/27/2020,1120,1130,1110,1125,885.950867,61274600
8/28/2020,1130,1160,1130,1145,901.70105,108671900
8/31/2020,1160,1165,1085,1085,854.450439,85351100
9/1/2020,1090,1140,1080,1140,897.763489,86245000
9/2/2020,1145,1215,1135,1215,956.826965,267164700
9/3/2020,1210,1230,1175,1205,948.951721,139885600
9/4/2020,1190,1205,1160,1205,948.951721,77208600
9/7/2020,1205,1260,1180,1250,984.389771,109160300
9/8/2020,1250,1280,1220,1240,976.514709,105277500
9/9/2020,1220,1240,1180,1200,945.014282,85808300
9/10/2020,1185,1190,1120,1120,882.013306,104709600
9/11/2020,1080,1185,1080,1180,929.263977,86766800
9/14/2020,1200,1220,1185,1200,945.014282,57485800
9/15/2020,1215,1215,1175,1190,937.13916,44495200
9/16/2020,1195,1205,1140,1145,901.70105,52672700
9/17/2020,1165,1180,1125,1130,889.888428,53488300
9/18/2020,1150,1155,1125,1145,901.70105,87127400
9/21/2020,1155,1160,1140,1145,901.70105,38247000
9/22/2020,1130,1180,1125,1160,913.513794,68846900
9/23/2020,1175,1190,1150,1160,913.513794,64671800
9/24/2020,1145,1160,1130,1130,889.888428,39759400
9/25/2020,1140,1160,1130,1140,897.763489,53909400
9/28/2020,1150,1155,1125,1130,889.888428,26949400
9/29/2020,1140,1185,1140,1165,917.451294,89147900
9/30/2020,1170,1175,1110,1135,893.825928,51823100
10/1/2020,1150,1180,1135,1180,929.263977,31098400
10/2/2020,1180,1185,1120,1140,897.763489,43192400
10/5/2020,1150,1155,1120,1125,885.950867,44630600
10/6/2020,1135,1145,1125,1125,885.950867,33352500
10/7/2020,1125,1135,1115,1130,889.888428,45283200
10/8/2020,1140,1155,1125,1130,889.888428,72357800
10/9/2020,1120,1125,1110,1115,878.075806,73435200
10/12/2020,1120,1130,1110,1110,874.138184,54683000
10/13/2020,1110,1155,1090,1150,905.638733,121076600
10/14/2020,1150,1200,1130,1185,933.201599,123826100
10/15/2020,1185,1195,1155,1155,909.576172,72630600
10/16/2020,1170,1230,1145,1220,960.764343,135715400
10/19/2020,1240,1240,1210,1220,960.764343,73973200
10/20/2020,1220,1225,1200,1210,952.889343,42037100
10/21/2020,1220,1220,1190,1200,945.014282,45076700
10/22/2020,1190,1190,1155,1160,913.513794,91568400
10/23/2020,1175,1175,1140,1145,901.70105,52389600
10/26/2020,1145,1155,1140,1145,901.70105,32605100
10/27/2020,1145,1150,1125,1125,885.950867,41562300
11/2/2020,1120,1150,1100,1130,889.888428,51499400
11/3/2020,1140,1165,1140,1145,901.70105,70174800
11/4/2020,1150,1160,1105,1110,874.138184,66743200
11/5/2020,1140,1155,1125,1140,897.763489,44255800
11/6/2020,1150,1155,1130,1140,897.763489,57817100
11/9/2020,1150,1155,1120,1130,889.888428,79574200
11/10/2020,1150,1155,1130,1140,897.763489,61432600
11/11/2020,1150,1205,1145,1205,948.951721,218766200
11/12/2020,1205,1205,1160,1175,925.326355,90738000
11/13/2020,1170,1190,1155,1165,917.451294,64105000
11/16/2020,1180,1205,1165,1195,941.076599,77947500
11/17/2020,1205,1210,1180,1180,929.263977,99737900
11/18/2020,1180,1205,1180,1190,937.13916,72626600
11/19/2020,1195,1255,1180,1240,976.514709,221812500
11/20/2020,1245,1260,1210,1215,956.826965,121792400
11/23/2020,1230,1290,1225,1290,1015.89032,195985700
11/24/2020,1320,1335,1290,1300,1023.765503,159576400
11/25/2020,1335,1350,1275,1300,1023.765503,152184000
11/26/2020,1335,1365,1325,1360,1071.016113,135992700
11/27/2020,1385,1410,1375,1390,1094.641357,163284800
11/30/2020,1400,1475,1295,1390,1094.641357,452796900
12/1/2020,1410,1425,1340,1390,1094.641357,191809000
12/2/2020,1400,1410,1370,1390,1094.641357,111410600
12/3/2020,1405,1430,1375,1375,1082.828857,147801800
12/4/2020,1405,1460,1360,1435,1130.07959,403854300
12/7/2020,1500,1530,1475,1485,1169.4552,277745100
12/8/2020,1510,1545,1485,1545,1216.705811,414707600
12/10/2020,1580,1600,1525,1545,1216.705811,321869700
12/11/2020,1570,1575,1530,1535,1208.830688,108605000
12/14/2020,1560,1585,1555,1570,1236.393677,175731000
12/15/2020,1570,1575,1530,1530,1204.893188,143516900
12/16/2020,1550,1570,1545,1555,1224.580933,183469700
12/17/2020,1555,1555,1455,1490,1173.392578,255575900
12/18/2020,1490,1500,1465,1480,1165.517578,136218100
12/21/2020,1490,1595,1470,1555,1224.580933,289216400
12/22/2020,1555,1560,1470,1470,1157.642334,193705300
12/23/2020,1500,1540,1400,1490,1173.392578,177123600
12/28/2020,1515,1520,1460,1505,1185.205322,98726000
12/29/2020,1530,1540,1470,1490,1173.392578,99547900
12/30/2020,1490,1490,1425,1430,1126.141968,82195800
1/4/2021,1430,1460,1360,1455,1145.829712,110366200
1/5/2021,1455,1470,1420,1425,1122.204346,107023500
1/6/2021,1415,1420,1340,1375,1082.828857,203948800
1/7/2021,1370,1430,1360,1405,1106.454224,204243100
1/8/2021,1450,1485,1430,1445,1137.954712,165263900
1/11/2021,1490,1540,1470,1525,1200.955566,278542900
1/12/2021,1530,1535,1470,1475,1161.579956,183107400
1/13/2021,1530,1540,1490,1515,1193.080566,204773900
1/14/2021,1525,1535,1490,1495,1177.3302,105347800
1/15/2021,1495,1495,1450,1455,1145.829712,86423600
1/18/2021,1450,1485,1425,1440,1134.01709,101719800
1/19/2021,1440,1460,1390,1415,1114.329346,80577200
1/20/2021,1400,1440,1385,1415,1114.329346,77779700
1/21/2021,1425,1435,1405,1410,1110.391724,46712900
1/22/2021,1410,1420,1345,1350,1063.140991,92579500
1/25/2021,1350,1350,1260,1295,1019.828003,142274300
1/26/2021,1290,1335,1230,1260,992.265015,138670800
1/27/2021,1260,1285,1215,1245,980.452271,119157300
1/28/2021,1230,1275,1190,1200,945.014282,201003600
1/29/2021,1220,1255,1160,1200,945.014282,192575300
2/1/2021,1205,1235,1165,1230,968.639648,165569500
2/2/2021,1230,1265,1185,1200,945.014282,176841000
2/3/2021,1200,1210,1155,1170,921.388855,173080500
2/4/2021,1170,1210,1150,1165,917.451294,296042000
2/5/2021,1185,1230,1175,1210,952.889343,225757600
2/8/2021,1240,1255,1215,1220,960.764343,171974800
2/9/2021,1235,1235,1200,1210,952.889343,124214600
2/10/2021,1220,1225,1195,1200,945.014282,70872800
2/11/2021,1200,1230,1195,1215,956.826965,79109900
2/15/2021,1230,1240,1210,1215,956.826965,75301100
2/16/2021,1215,1235,1205,1210,952.889343,72063600
2/17/2021,1210,1220,1170,1180,929.263977,123787800
2/18/2021,1180,1200,1165,1175,925.326355,68479800
2/19/2021,1175,1185,1160,1180,929.263977,55397800
2/22/2021,1195,1230,1185,1210,952.889343,168255300
2/23/2021,1225,1230,1200,1205,948.951721,96889300
2/24/2021,1215,1220,1185,1185,933.201599,74830000
2/25/2021,1200,1215,1190,1200,945.014282,79549900
2/26/2021,1180,1195,1175,1180,929.263977,89372000
3/1/2021,1195,1200,1180,1185,933.201599,96722600
3/2/2021,1200,1220,1185,1185,933.201599,125690800
3/3/2021,1195,1200,1185,1185,933.201599,53347200
3/4/2021,1185,1235,1180,1220,960.764343,242780100
3/5/2021,1210,1220,1175,1180,929.263977,157251500
3/8/2021,1190,1200,1170,1175,925.326355,73736900
3/9/2021,1175,1190,1160,1165,917.451294,84429300
3/10/2021,1175,1185,1160,1170,921.388855,53621900
3/12/2021,1190,1225,1185,1210,952.889343,170821500
3/15/2021,1225,1260,1220,1235,972.577209,173813000
3/16/2021,1245,1250,1205,1220,960.764343,99266400
3/17/2021,1215,1235,1215,1230,968.639648,67741700
3/18/2021,1245,1270,1235,1270,1000.140076,174402800
3/19/2021,1270,1300,1240,1300,1023.765503,377618800
3/22/2021,1305,1340,1280,1285,1011.952698,178934000
3/23/2021,1320,1330,1290,1300,1023.765503,108812100
3/24/2021,1280,1280,1220,1225,964.702209,139175600
3/25/2021,1225,1245,1190,1205,948.951721,119051300
3/26/2021,1215,1225,1200,1220,960.764343,58260700
3/29/2021,1230,1235,1205,1205,948.951721,51416200
3/30/2021,1205,1205,1170,1175,925.326355,93116600
3/31/2021,1175,1185,1160,1175,925.326355,80881500
4/1/2021,1175,1200,1170,1180,929.263977,51622400
4/5/2021,1195,1205,1180,1185,933.201599,45262300
4/6/2021,1200,1210,1180,1210,952.889343,48401800
4/7/2021,1210,1225,1200,1220,960.764343,39520700
4/8/2021,1220,1230,1205,1230,968.639648,44812000
4/9/2021,1220,1230,1205,1205,948.951721,38632200
4/12/2021,1210,1215,1175,1180,929.263977,40274800
4/13/2021,1180,1185,1160,1160,913.513794,61790200
4/14/2021,1175,1200,1165,1195,941.076599,38916200
4/15/2021,1195,1200,1170,1190,937.13916,38983700
4/16/2021,1190,1190,1175,1185,933.201599,37678700
4/19/2021,1185,1205,1175,1185,933.201599,81678100
4/20/2021,1190,1205,1180,1185,933.201599,47902500
4/21/2021,1175,1190,1175,1180,929.263977,27795700
4/22/2021,1185,1190,1170,1170,921.388855,23846500
4/23/2021,1175,1205,1175,1200,945.014282,43584100
4/26/2021,1200,1225,1185,1210,952.889343,66246100
4/27/2021,1225,1230,1200,1210,952.889343,50472900
4/28/2021,1215,1230,1210,1215,956.826965,30395800
4/29/2021,1225,1260,1220,1255,988.327332,78611100
4/30/2021,1255,1260,1235,1245,980.452271,54932900
5/3/2021,1260,1260,1230,1240,976.514709,73385300
5/4/2021,1240,1255,1235,1250,984.389771,90623400
5/5/2021,1210,1210,1185,1195,993.770386,80251300
5/6/2021,1195,1215,1185,1185,985.454224,52912600
5/7/2021,1195,1210,1180,1185,985.454224,63337000
5/10/2021,1195,1210,1190,1195,993.770386,45753000
5/11/2021,1195,1220,1190,1195,993.770386,78403200
5/17/2021,1210,1215,1180,1185,985.454224,69060200
5/18/2021,1200,1200,1170,1200,997.928406,31413900
5/19/2021,1195,1195,1175,1175,977.138306,23994100
5/20/2021,1175,1185,1170,1170,972.980225,29580300
5/21/2021,1190,1195,1160,1165,968.822205,45227600
5/24/2021,1190,1190,1160,1160,964.664063,50015000
5/25/2021,1175,1195,1165,1170,972.980225,78866700
5/27/2021,1180,1190,1165,1165,968.822205,84522000
5/28/2021,1165,1180,1160,1170,972.980225,43862200
5/31/2021,1180,1190,1170,1190,989.612366,59786600
6/2/2021,1195,1260,1195,1260,1047.824829,221123100
6/3/2021,1265,1265,1235,1250,1039.508789,58947200
6/4/2021,1245,1260,1210,1230,1022.876587,58632800
6/7/2021,1230,1230,1200,1205,1002.086487,36090000
6/8/2021,1220,1235,1205,1210,1006.244385,46908800
6/9/2021,1215,1225,1205,1215,1010.402527,40082700
6/10/2021,1230,1240,1210,1210,1006.244385,39268300
6/11/2021,1225,1350,1225,1315,1093.56311,386854000
6/14/2021,1320,1340,1295,1325,1101.879272,107804300
6/15/2021,1320,1320,1280,1310,1089.405151,109048500
6/16/2021,1300,1400,1290,1395,1160.091797,264328700
6/17/2021,1385,1405,1355,1355,1126.827515,81946100
6/18/2021,1355,1375,1285,1310,1089.405151,149122700
6/21/2021,1290,1305,1250,1285,1068.61499,84475900
6/22/2021,1295,1315,1275,1290,1072.772949,77750600
6/23/2021,1305,1315,1255,1260,1047.824829,73515700
6/24/2021,1260,1270,1225,1245,1035.350708,52732300
6/25/2021,1255,1295,1235,1285,1068.61499,106349300
6/28/2021,1300,1305,1230,1235,1027.034668,71317300
6/29/2021,1230,1245,1205,1215,1010.402527,46827300
6/30/2021,1215,1225,1190,1205,1002.086487,76460900
7/1/2021,1220,1240,1195,1205,1002.086487,53853700
7/2/2021,1220,1270,1205,1260,1047.824829,115326200
7/5/2021,1265,1265,1230,1235,1027.034668,50259700
7/6/2021,1260,1300,1255,1290,1072.772949,83567200
7/7/2021,1275,1275,1230,1250,1039.508789,72700000
7/8/2021,1250,1250,1210,1220,1014.560547,50605000
7/9/2021,1230,1255,1215,1250,1039.508789,46284000
7/12/2021,1270,1270,1235,1235,1027.034668,43425000
7/13/2021,1240,1245,1220,1230,1022.876587,30860600
7/14/2021,1230,1255,1215,1220,1014.560547,57171600
7/15/2021,1215,1240,1215,1225,1018.718567,45141600
7/16/2021,1240,1260,1225,1240,1031.192627,44257000
7/19/2021,1250,1265,1240,1250,1039.508789,47573900
7/21/2021,1260,1260,1235,1240,1031.192627,50329700
7/22/2021,1250,1340,1240,1335,1110.195313,178204200
7/23/2021,1335,1335,1295,1305,1085.24707,69244900
7/26/2021,1300,1310,1275,1280,1064.456909,55386900
7/27/2021,1290,1305,1260,1275,1060.298828,31381500
7/28/2021,1280,1285,1255,1270,1056.140991,46422700
7/29/2021,1285,1345,1275,1325,1101.879272,103637900
7/30/2021,1325,1365,1295,1335,1110.195313,116435600
8/2/2021,1345,1390,1340,1370,1139.301636,86145100
8/3/2021,1370,1370,1345,1350,1122.669434,61492100
8/4/2021,1350,1365,1345,1360,1130.985474,30115900
8/5/2021,1360,1370,1300,1300,1081.089111,99527400
8/6/2021,1310,1325,1285,1290,1072.772949,41862500
8/9/2021,1305,1340,1290,1300,1081.089111,56861800
8/10/2021,1320,1350,1300,1340,1114.353271,82237200
8/12/2021,1350,1415,1345,1410,1172.565796,185580600
8/13/2021,1420,1430,1370,1385,1151.775635,71600800
8/16/2021,1385,1400,1355,1365,1135.143555,47327100
8/18/2021,1360,1375,1325,1340,1114.353271,68965200
8/19/2021,1340,1355,1295,1295,1076.931152,61887100
8/20/2021,1290,1305,1260,1265,1051.982788,88174800
8/23/2021,1265,1320,1265,1315,1093.56311,61341500
8/24/2021,1340,1340,1250,1260,1047.824829,127792400
8/25/2021,1270,1280,1255,1255,1043.666748,65065500
8/26/2021,1270,1290,1250,1280,1064.456909,62480500
8/27/2021,1280,1280,1245,1245,1035.350708,70195900
8/30/2021,1260,1300,1260,1300,1081.089111,79496000
8/31/2021,1310,1310,1260,1260,1047.824829,82451800
9/1/2021,1280,1320,1275,1320,1097.721313,133083800
9/2/2021,1325,1345,1300,1320,1097.721313,82690300
9/3/2021,1335,1360,1325,1355,1126.827515,107931100
9/6/2021,1365,1380,1350,1365,1135.143555,61146600
9/7/2021,1365,1370,1340,1345,1118.511475,31543200
9/8/2021,1345,1360,1325,1330,1106.037354,68516800
9/9/2021,1340,1370,1330,1365,1135.143555,83497400
9/10/2021,1370,1375,1345,1350,1122.669434,61919000
9/13/2021,1350,1350,1330,1340,1114.353271,26391100
9/14/2021,1350,1395,1345,1385,1151.775635,98476700
9/15/2021,1375,1410,1365,1390,1155.933716,136898100
9/16/2021,1395,1410,1375,1390,1155.933716,50599200
9/17/2021,1370,1370,1315,1335,1110.195313,101975300
9/20/2021,1330,1345,1315,1320,1097.721313,50111200
9/21/2021,1320,1360,1305,1345,1118.511475,64966900
9/22/2021,1355,1410,1345,1400,1164.249878,133762600
9/23/2021,1410,1445,1390,1415,1176.723877,146626700
9/24/2021,1430,1515,1425,1500,1247.410522,303647800
9/27/2021,1515,1560,1505,1510,1255.726563,158865800
9/28/2021,1600,1785,1600,1740,1446.996216,503914800
9/29/2021,1740,1795,1705,1720,1430.364014,246864600
9/30/2021,1730,1805,1730,1760,1463.628296,267379500
10/1/2021,1775,1830,1740,1780,1480.260498,176722300
10/4/2021,1830,1900,1830,1860,1546.789063,235058800
10/5/2021,1920,1980,1800,1830,1521.84082,347837200
10/6/2021,1925,1945,1850,1865,1550.947021,274437500
10/7/2021,1785,1785,1735,1735,1442.838135,423593500
10/8/2021,1730,1815,1720,1815,1509.366699,247024500
10/11/2021,1820,1920,1815,1915,1592.527466,343765900
10/12/2021,1925,1940,1860,1885,1567.579102,263636400
10/13/2021,1885,1900,1840,1860,1546.789063,176095000
10/14/2021,1855,1885,1840,1855,1542.630981,129722500
10/15/2021,1860,1885,1835,1860,1546.789063,153446000
10/18/2021,1845,1895,1830,1875,1559.263062,124022900
10/19/2021,1850,1870,1835,1855,1542.630981,89410600
10/21/2021,1790,1800,1735,1755,1459.470215,250080900
10/22/2021,1660,1750,1645,1735,1442.838135,219166100
10/25/2021,1790,1800,1725,1745,1451.154175,140497900
10/26/2021,1775,1785,1740,1765,1467.786377,138384200
10/27/2021,1765,1765,1730,1730,1438.680054,95389000
10/28/2021,1710,1710,1625,1630,1355.519409,289795800
10/29/2021,1610,1695,1605,1680,1397.099854,100719500
11/1/2021,1655,1710,1635,1685,1401.257813,82111500
11/2/2021,1660,1680,1645,1645,1367.99353,44420500
11/3/2021,1645,1680,1645,1675,1392.94165,49009600
11/4/2021,1700,1730,1675,1675,1392.94165,90998600
11/5/2021,1650,1665,1635,1645,1367.99353,57505000
11/8/2021,1650,1710,1650,1695,1409.57373,58662000
11/9/2021,1720,1745,1700,1705,1417.889893,62964100
11/10/2021,1680,1710,1670,1690,1405.415894,36025600
11/11/2021,1675,1695,1660,1685,1401.257813,49884600
11/12/2021,1690,1700,1665,1685,1401.257813,35072500
11/15/2021,1680,1685,1595,1610,1338.887207,117468000
11/16/2021,1580,1630,1580,1615,1343.045288,46592500
11/17/2021,1620,1655,1600,1640,1363.835449,95085400
11/18/2021,1620,1645,1610,1625,1351.36145,48501400
11/19/2021,1635,1665,1625,1645,1367.99353,42127500
11/22/2021,1645,1660,1610,1640,1363.835449,36598500
11/23/2021,1665,1715,1640,1705,1417.889893,116464400
11/24/2021,1720,1730,1695,1695,1409.57373,100386500
11/25/2021,1710,1750,1690,1745,1451.154175,59282300
11/26/2021,1725,1730,1640,1655,1376.309692,83519800
11/29/2021,1640,1700,1610,1690,1405.415894,76424500
11/30/2021,1670,1730,1665,1700,1413.731812,161819600
12/1/2021,1730,1775,1700,1755,1459.470215,146798700
12/2/2021,1760,1820,1760,1810,1505.20874,147912000
12/3/2021,1805,1835,1790,1815,1509.366699,93276700
12/6/2021,1815,1920,1810,1910,1588.369385,251957100
12/7/2021,1910,1920,1870,1905,1584.211304,265246000
12/8/2021,1920,1935,1900,1925,1600.843384,356201700
12/9/2021,1930,1960,1925,1935,1609.159546,282019600
12/10/2021,1930,1940,1880,1920,1596.685425,254321600
12/13/2021,1930,1940,1905,1920,1596.685425,165209600
12/14/2021,1910,1930,1870,1920,1596.685425,205410600
12/15/2021,1920,2050,1910,2020,1679.846069,539995200
12/16/2021,2040,2080,1995,2040,1696.478271,205002000
12/17/2021,2050,2060,2030,2050,1704.794312,156302400
12/20/2021,2030,2050,2000,2050,1704.794312,100364400
12/21/2021,2050,2160,2040,2120,1763.006836,176897200
12/22/2021,2190,2190,2090,2150,1787.955078,191706000
12/23/2021,2170,2180,2120,2150,1787.955078,105060800
12/24/2021,2150,2240,2130,2220,1846.167603,251933600
12/27/2021,2230,2260,2180,2180,1812.903198,124062200
12/28/2021,2180,2310,2180,2300,1912.696045,295605000
12/29/2021,2300,2330,2260,2310,1921.012085,171340700
12/30/2021,2180,2270,2160,2250,2010.511108,235360400
1/3/2022,2170,2380,2170,2370,2117.738281,175091000
1/4/2022,2370,2380,2240,2300,2055.189209,241943400
1/5/2022,2330,2350,2230,2240,2001.575439,125371600
1/6/2022,2230,2310,2210,2300,2055.189209,245581000
1/7/2022,2320,2450,2290,2430,2171.352051,272389200
1/10/2022,2430,2430,2350,2400,2144.545166,123417100
1/11/2022,2440,2470,2330,2340,2090.931641,124218800
1/12/2022,2340,2370,2300,2310,2064.124756,122477500
1/13/2022,2330,2380,2280,2280,2037.317993,137848400
1/14/2022,2300,2330,2250,2270,2028.382446,173258000
1/17/2022,2300,2320,2210,2260,2019.446777,119048500
1/18/2022,2290,2310,2180,2220,1983.704468,180286700
1/19/2022,2220,2260,2200,2230,1992.639893,152019800
1/20/2022,2230,2360,2230,2310,2064.124756,213577600
1/21/2022,2310,2310,2260,2310,2064.124756,98844900
1/24/2022,2300,2350,2250,2270,2028.382446,94316300
1/25/2022,2260,2270,2160,2210,1974.768799,158258600
1/26/2022,2220,2240,2180,2210,1974.768799,97679400
1/27/2022,2200,2310,2190,2310,2064.124756,142280600
1/28/2022,2320,2320,2240,2280,2037.317993,104574100
1/31/2022,2300,2310,2210,2240,2001.575439,76748000
2/2/2022,2260,2290,2180,2210,1974.768799,100091000
2/3/2022,2210,2240,2170,2220,1983.704468,111391600
2/4/2022,2220,2240,2170,2180,1947.961914,96179700
2/7/2022,2200,2250,2180,2200,1965.83313,113939600
2/8/2022,2200,2220,2180,2200,1965.83313,111772600
2/9/2022,2220,2270,2180,2210,1974.768799,199270200
2/10/2022,2200,2230,2150,2160,1930.090576,114009500
2/11/2022,2160,2200,2110,2170,1939.026245,102593600
2/14/2022,2170,2270,2170,2230,1992.639893,127682400
2/15/2022,2250,2300,2210,2290,2046.253418,137023900
2/16/2022,2300,2300,2240,2240,2001.575439,70237000
2/17/2022,2230,2250,2180,2220,1983.704468,140157700
2/18/2022,2200,2280,2190,2240,2001.575439,84280000
2/21/2022,2260,2260,2200,2220,1983.704468,86719000
2/22/2022,2230,2260,2180,2230,1992.639893,91334200
2/23/2022,2270,2350,2240,2320,2073.060303,140574200
2/24/2022,2350,2480,2320,2480,2216.030029,286836000
2/25/2022,2520,2590,2450,2450,2189.223145,218034600
3/1/2022,2560,2720,2500,2580,2305.38623,357287400
3/2/2022,2690,2740,2550,2610,2332.192871,208447200
3/4/2022,2720,3050,2680,3040,2716.424072,408953900
3/7/2022,3150,3270,3080,3240,2895.135986,402645000
3/8/2022,3210,3210,3040,3120,2787.908936,257703500
3/9/2022,3120,3150,2960,3080,2752.16626,187471500
3/10/2022,2980,3070,2870,2980,2662.810303,236733800
3/11/2022,2880,3090,2880,3000,2680.681396,121344700
3/14/2022,2990,3020,2790,2790,2493.033936,168857700
3/15/2022,2660,2790,2650,2710,2421.549072,223378600
3/16/2022,2700,2830,2690,2820,2519.840576,126976100
3/17/2022,2800,2820,2730,2740,2448.355713,86651700
3/18/2022,2750,2860,2720,2720,2430.484619,368469400
3/21/2022,2740,2770,2700,2720,2430.484619,123851100
3/22/2022,2740,2860,2740,2800,2501.969482,124250600
3/23/2022,2830,2880,2750,2800,2501.969482,122391700
3/24/2022,2840,2900,2810,2880,2573.454102,109233400
3/25/2022,2880,2880,2810,2820,2519.840576,89246500
3/28/2022,2820,2880,2820,2860,2555.583008,81634700
3/29/2022,2880,2880,2760,2770,2475.162598,105824700
3/30/2022,2770,2800,2660,2680,2394.741943,98915700
3/31/2022,2690,2760,2680,2690,2403.677734,77639300
4/1/2022,2690,2830,2690,2810,2510.905029,104011500
4/4/2022,2810,2870,2780,2810,2510.905029,59731800
4/5/2022,2850,3020,2830,3000,2680.681396,193461300
4/6/2022,3010,3080,3000,3070,2743.230713,172811700
4/7/2022,3060,3070,2980,3050,2725.359619,93814700
4/8/2022,3040,3190,3030,3160,2823.651123,177072400
4/11/2022,3160,3210,3100,3140,2805.780029,131718000
4/12/2022,3140,3150,3060,3140,2805.780029,132026200
4/13/2022,3190,3350,3190,3350,2993.427734,226429500
4/14/2022,3350,3350,3280,3310,2957.685303,112905400
4/18/2022,3310,3350,3240,3290,2939.813965,95118100
4/19/2022,3290,3330,3250,3270,2921.942871,95535700
4/20/2022,3310,3370,3160,3230,2886.200439,134836900
4/21/2022,3270,3460,3260,3270,2921.942871,187585800
4/22/2022,3250,3270,3160,3210,2868.329102,107246100
4/25/2022,3180,3220,3100,3210,2868.329102,107045500
4/26/2022,3220,3250,3080,3160,2823.651123,152153700
4/27/2022,3130,3230,3110,3170,2832.586914,94218600
4/28/2022,3210,3370,3200,3340,2984.491943,182939300
5/9/2022,3380,3410,3130,3160,2823.651123,247786700
5/10/2022,3070,3140,2980,3090,2761.102051,198152000
5/11/2022,3090,3230,3090,3150,2814.715576,134040900
5/12/2022,3150,3220,3080,3150,2814.715576,233115300
5/13/2022,3210,3250,3120,3210,2868.329102,168962700
5/17/2022,3150,3270,3130,3220,3009.838379,148618000
5/18/2022,3250,3270,3100,3190,2981.796387,128274700
5/19/2022,3140,3180,3050,3110,2907.017822,166293000
5/20/2022,3130,3380,3130,3310,3093.964355,205840300
5/23/2022,3350,3350,3110,3150,2944.407227,177893100
5/24/2022,3170,3230,3130,3200,2991.143799,112162400
5/25/2022,3160,3160,3070,3100,2897.670654,96617800
5/27/2022,3160,3190,3130,3160,2953.754395,84743400
5/30/2022,3170,3180,3030,3060,2860.28125,146193800
5/31/2022,3130,3290,3100,3270,3056.574951,286452200
6/2/2022,3260,3350,3200,3330,3112.658936,185774500
6/3/2022,3330,3570,3280,3520,3290.258301,258029000
6/6/2022,3520,3590,3440,3460,3234.174316,128510900
6/7/2022,3550,3710,3530,3650,3411.773438,225695700
6/8/2022,3650,3680,3590,3630,3393.078857,118444400
6/9/2022,3630,3690,3600,3600,3365.036865,106573000
6/10/2022,3560,3590,3430,3430,3206.132324,151998900
6/13/2022,3320,3320,3190,3190,2981.796387,202113000
6/14/2022,3170,3270,3110,3260,3047.227783,219656500
6/15/2022,3260,3270,3040,3040,2841.58667,247557600
6/16/2022,3080,3170,3040,3060,2860.28125,243268700
6/17/2022,3020,3030,2870,2920,2729.418701,229958000
6/20/2022,2920,2950,2860,2930,2738.766113,115058200
6/21/2022,3000,3070,2970,3030,2832.239258,189107600
6/22/2022,3030,3090,2980,3030,2832.239258,201749700
6/23/2022,3030,3030,2890,2940,2748.113281,145531100
6/24/2022,2970,3020,2950,2970,2776.155273,103050300
6/27/2022,2970,3000,2880,2960,2766.808105,89273500
6/28/2022,2990,3000,2930,2950,2757.460693,74114300
6/29/2022,2910,2970,2870,2870,2682.682129,69188200
6/30/2022,2810,2920,2810,2860,2673.334717,109157800
7/1/2022,2860,2910,2710,2720,2542.472168,105599200
7/4/2022,2720,2830,2660,2770,2589.20874,117849700
7/5/2022,2830,2940,2820,2880,2692.029297,135385800
7/6/2022,2850,2850,2720,2770,2589.20874,82120100
7/7/2022,2770,2810,2720,2770,2589.20874,70438600
7/8/2022,2850,2880,2820,2830,2645.292725,90522000
7/11/2022,2840,2870,2800,2830,2645.292725,52681800
7/12/2022,2860,2970,2840,2920,2729.418701,142532100
7/13/2022,2950,2990,2900,2930,2738.766113,99629700
7/14/2022,2910,2960,2880,2930,2738.766113,97805600
7/15/2022,2890,2900,2760,2760,2579.861572,98942900
7/18/2022,2760,2800,2730,2790,2607.903564,68984100
7/19/2022,2800,2960,2760,2950,2757.460693,127898100
7/20/2022,2980,3030,2980,3020,2822.891846,99298600
7/21/2022,3040,3050,2970,3020,2822.891846,73196600
7/22/2022,3040,3080,2990,3030,2832.239258,94295700
7/25/2022,3050,3120,3040,3100,2897.670654,134979600
7/26/2022,3140,3170,3120,3160,2953.754395,83178500
7/27/2022,3200,3300,3180,3280,3065.922363,130334900
7/28/2022,3290,3330,3250,3280,3065.922363,94451400
7/29/2022,3300,3350,3230,3250,3037.880371,85291200
8/1/2022,3260,3370,3240,3350,3131.35376,146347800
8/2/2022,3350,3360,3180,3180,2972.449219,112428800
8/3/2022,3190,3330,3180,3310,3093.964355,114505400
8/4/2022,3310,3310,3160,3190,2981.796387,109420800
8/5/2022,3140,3170,3100,3130,2925.712646,124725800
8/8/2022,3090,3130,3030,3080,2878.97583,94030900
8/9/2022,3110,3170,3100,3130,2925.712646,86949000
8/10/2022,3150,3190,3120,3140,2935.059814,81369800
8/11/2022,3230,3250,3150,3150,2944.407227,127285200
8/12/2022,3160,3210,3130,3190,2981.796387,73526600
8/15/2022,3220,3240,3150,3160,2953.754395,53868300
8/16/2022,3160,3190,3120,3150,2944.407227,48691000
8/18/2022,3180,3280,3170,3250,3037.880371,84704200
8/19/2022,3270,3310,3240,3250,3037.880371,73447800
8/22/2022,3290,3300,3140,3150,2944.407227,90711300
8/23/2022,3170,3380,3160,3350,3131.35376,175076900
8/24/2022,3330,3420,3270,3410,3187.4375,116927600
8/25/2022,3410,3470,3370,3410,3187.4375,88737600
8/26/2022,3430,3450,3390,3410,3187.4375,55022600
8/29/2022,3380,3470,3330,3460,3234.174316,79496800
8/30/2022,3660,3700,3530,3540,3308.952881,160702700
8/31/2022,3510,3570,3480,3540,3308.952881,101731600
9/1/2022,3560,3740,3540,3700,3458.51001,162099600
9/2/2022,3750,3830,3720,3780,3533.288574,133943800
9/5/2022,3780,4050,3760,4030,3766.97168,194748100
9/6/2022,4080,4160,4020,4040,3776.319092,107870400
9/7/2022,4020,4050,3950,4020,3757.624512,92963400
9/8/2022,3970,4000,3900,3940,3682.845703,88447400
9/9/2022,3920,3970,3860,3950,3692.193115,73341100
9/12/2022,3960,3990,3900,3970,3710.887695,74852000
9/13/2022,3970,4020,3950,4010,3748.2771,71375900
9/14/2022,4000,4040,3940,4010,3748.2771,79037100
9/15/2022,4040,4190,4040,4060,3795.013672,120755300
9/16/2022,4050,4050,3930,3930,3673.498535,121776100
9/19/2022,3950,3960,3860,3910,3654.803711,134433200
9/20/2022,3930,3970,3860,3890,3636.109131,63910800
9/21/2022,3880,3930,3800,3910,3654.803711,67111800
9/22/2022,3910,4120,3890,4100,3832.403076,150225400
9/23/2022,4050,4080,4010,4050,3785.66626,77100300
9/26/2022,3940,3940,3830,3860,3608.067139,163896500
9/27/2022,3900,3940,3870,3910,3654.803711,89367200
9/28/2022,3900,3960,3860,3870,3617.414551,72114400
9/29/2022,3900,3970,3900,3950,3692.193115,91134100
9/30/2022,3920,3960,3870,3960,3701.540527,104670300
10/3/2022,3930,4000,3920,3960,3701.540527,54514500
10/4/2022,3990,4120,3990,4120,3851.097656,145080300
10/5/2022,4140,4170,4080,4080,3813.708252,57945800
10/6/2022,4080,4250,4040,4100,3832.403076,159208200
10/7/2022,4100,4170,4080,4140,3869.792236,49875500
10/10/2022,4050,4050,3920,3920,3664.151123,107867500
10/11/2022,3930,3950,3890,3930,3673.498535,59752100
10/12/2022,3960,4050,3960,4000,3738.929688,101116400
10/13/2022,4090,4090,4010,4020,3757.624512,53264100
10/14/2022,4000,4050,3950,3950,3692.193115,45091900
10/17/2022,3950,3960,3900,3960,3701.540527,42063700
10/18/2022,3980,4000,3840,3860,3608.067139,95622800
10/19/2022,3850,3880,3800,3840,3589.372559,69215500
10/20/2022,3840,4000,3830,4000,3738.929688,119895500
10/21/2022,3980,4020,3950,3960,3701.540527,37327700
10/24/2022,3970,3990,3910,3920,3664.151123,47873100
10/25/2022,3890,3920,3840,3880,3626.761963,74608100
10/26/2022,3880,3950,3850,3930,3673.498535,73155800
10/27/2022,3950,4020,3920,3980,3720.235107,81920000
10/28/2022,4000,4000,3900,3910,3654.803711,54061300
10/31/2022,3940,3980,3920,3980,3720.235107,76758600
11/1/2022,3940,3940,3720,3750,3505.246582,175308100
11/2/2022,3750,3820,3690,3740,3495.899414,101047500
11/3/2022,3740,3810,3730,3750,3505.246582,57965500
11/4/2022,3730,3790,3710,3750,3505.246582,84299700
11/7/2022,3750,3830,3730,3830,3580.025146,74309100
11/8/2022,3800,3800,3730,3760,3514.593994,71681200
11/9/2022,3690,3720,3630,3640,3402.426025,117969800
11/10/2022,3500,3560,3450,3480,3252.868896,153812400
11/11/2022,3500,3540,3440,3490,3262.216309,96575300
11/14/2022,3490,3560,3490,3500,3271.563477,60258000
11/15/2022,3550,3570,3480,3510,3280.910889,55915600
11/16/2022,3610,3640,3520,3570,3336.994873,86525300
11/17/2022,3530,3610,3500,3590,3355.689453,73229600
11/18/2022,3590,3620,3560,3590,3355.689453,40162000
11/21/2022,3610,3710,3610,3690,3449.162598,65550500
11/22/2022,3720,3750,3650,3700,3458.51001,59965000
11/23/2022,3720,3790,3720,3750,3505.246582,45573200
11/24/2022,3760,3780,3740,3750,3505.246582,24418800
11/25/2022,3750,3750,3690,3730,3486.552002,33140500
11/28/2022,3740,3780,3720,3740,3495.899414,40277700
11/29/2022,3790,3880,3780,3880,3626.761963,94151500
11/30/2022,3900,3930,3850,3870,3617.414551,152171400
12/1/2022,3930,3930,3890,3900,3645.456543,56516100
12/2/2022,3890,3890,3820,3850,3598.719971,36882200
12/5/2022,3880,3890,3760,3780,3533.288574,51037700
12/6/2022,3800,3830,3750,3810,3561.330566,56845900
12/7/2022,3820,3870,3780,3830,3580.025146,59277300
12/8/2022,3830,3840,3710,3740,3495.899414,63665900
12/9/2022,3730,3740,3630,3680,3439.81543,67555400
